{
  "Business Process - Book and Route Cargo" : {
    "transaction" : "Business Process - Book and Route Cargo",
    "sampleCount" : 500,
    "errorCount" : 500,
    "errorPct" : 100.0,
    "meanResTime" : 29.555999999999976,
    "medianResTime" : 8.0,
    "minResTime" : 1.0,
    "maxResTime" : 490.0,
    "pct1ResTime" : 79.90000000000003,
    "pct2ResTime" : 132.74999999999994,
    "pct3ResTime" : 331.0,
    "throughput" : 50.0751126690035,
    "receivedKBytesPerSec" : 522.8545943915874,
    "sentKBytesPerSec" : 0.0
  },
  "Register Handling Event" : {
    "transaction" : "Register Handling Event",
    "sampleCount" : 500,
    "errorCount" : 500,
    "errorPct" : 100.0,
    "meanResTime" : 7.511999999999998,
    "medianResTime" : 2.0,
    "minResTime" : 0.0,
    "maxResTime" : 205.0,
    "pct1ResTime" : 12.900000000000034,
    "pct2ResTime" : 49.0,
    "pct3ResTime" : 114.99000000000001,
    "throughput" : 61.47037128104254,
    "receivedKBytesPerSec" : 160.4592797209245,
    "sentKBytesPerSec" : 0.0
  },
  "Track Cargo" : {
    "transaction" : "Track Cargo",
    "sampleCount" : 500,
    "errorCount" : 500,
    "errorPct" : 100.0,
    "meanResTime" : 4.949999999999997,
    "medianResTime" : 1.0,
    "minResTime" : 0.0,
    "maxResTime" : 208.0,
    "pct1ResTime" : 7.0,
    "pct2ResTime" : 17.849999999999966,
    "pct3ResTime" : 78.96000000000004,
    "throughput" : 61.78942165101334,
    "receivedKBytesPerSec" : 161.292113352694,
    "sentKBytesPerSec" : 0.0
  },
  "Book Cargo" : {
    "transaction" : "Book Cargo",
    "sampleCount" : 500,
    "errorCount" : 500,
    "errorPct" : 100.0,
    "meanResTime" : 11.594000000000001,
    "medianResTime" : 2.0,
    "minResTime" : 0.0,
    "maxResTime" : 311.0,
    "pct1ResTime" : 12.0,
    "pct2ResTime" : 48.0,
    "pct3ResTime" : 296.95000000000005,
    "throughput" : 54.95713343591998,
    "receivedKBytesPerSec" : 143.45743913497472,
    "sentKBytesPerSec" : 0.0
  },
  "Total" : {
    "transaction" : "Total",
    "sampleCount" : 2000,
    "errorCount" : 2000,
    "errorPct" : 100.0,
    "meanResTime" : 7.388999999999988,
    "medianResTime" : 1.0,
    "minResTime" : 0.0,
    "maxResTime" : 311.0,
    "pct1ResTime" : 10.900000000000091,
    "pct2ResTime" : 33.94999999999982,
    "pct3ResTime" : 129.97000000000003,
    "throughput" : 219.5630694917115,
    "receivedKBytesPerSec" : 573.1368015149852,
    "sentKBytesPerSec" : 0.0
  },
  "Find Optimal Route" : {
    "transaction" : "Find Optimal Route",
    "sampleCount" : 500,
    "errorCount" : 500,
    "errorPct" : 100.0,
    "meanResTime" : 5.499999999999996,
    "medianResTime" : 1.0,
    "minResTime" : 0.0,
    "maxResTime" : 120.0,
    "pct1ResTime" : 10.900000000000034,
    "pct2ResTime" : 34.5499999999999,
    "pct3ResTime" : 95.95000000000005,
    "throughput" : 60.92360180333861,
    "receivedKBytesPerSec" : 159.03201916047274,
    "sentKBytesPerSec" : 0.0
  }
}